dimension,location,count,mean_price,mean_price_per_m2,mean_area
province_name,An Giang,4,2157500000.0,28824400.875836164,80.325
province_name,Bà Rịa - Vũng Tàu,112,6965478571.428572,44915972.43492565,235.73125000000002
province_name,Bình Dương,365,4315066356.164384,38653428.096953176,142.40427397260274
province_name,Bình Phước,16,1610937500.0,8875636.4621788,335.875
province_name,Bình Thuận,16,5781875000.0,39886865.287199594,145.37375
province_name,Bình Định,27,6813518518.518518,43457294.91871303,128.48703703703703
province_name,Bắc Giang,16,4485255187.5,48054798.56261708,93.24375
province_name,Bắc Ninh,48,8032796875.0,58714640.11824901,130.53020833333332
province_name,Bến Tre,12,3824333333.3333335,16506136.661578663,277.9916666666667
province_name,Cần Thơ,17,7332319411.764706,68975033.824937,165.33352941176472
province_name,Gia Lai,2,1450000000.0,5667735.042735043,266.25
province_name,Huế,22,6795681818.181818,42515666.17436096,167.85000000000002
province_name,Hà Nam,23,5120900000.0,61068315.60962976,124.97826086956522
province_name,Hà Nội,3045,14398117083.743513,197529428.0857542,80.31275862068966
province_name,Hà Tĩnh,4,4570000000.0,12044789.228833199,302.75
province_name,Hòa Bình,25,5471435256.0,13955372.059767913,399.10400000000004
province_name,Hưng Yên,169,9771508875.739645,98680677.40884836,93.95508875739645
province_name,Hải Dương,7,4558571428.571428,46938629.4518678,110.98571428571428
province_name,Hải Phòng,197,6864986802.030457,70531582.05224395,96.7433502538071
province_name,Hậu Giang,2,712500000.0,5258873.456790123,160.5
province_name,Hồ Chí Minh,3360,13451069643.12143,127991441.4898061,107.22684821428572
province_name,Khánh Hòa,253,7249544664.031621,62103526.56036228,125.19260869565217
province_name,Kiên Giang,10,9554000000.0,50532411.89440138,292.11
province_name,Kon Tum,1,3500000000.0,21212121.21212121,165.0
province_name,Lai Châu,1,1550000000.0,6512605.042016807,238.0
province_name,Long An,111,3150082882.882883,25845908.65142433,136.5034234234234
province_name,Lào Cai,4,11724750000.0,116225880.40191202,106.0
province_name,Lâm Đồng,65,9309921230.76923,31801917.888233475,365.43938461538465
province_name,Nam Định,13,1736069230.7692308,22797020.91887745,86.96153846153847
province_name,Nghệ An,16,6854312500.0,52914872.09009342,135.14375
province_name,Ninh Bình,3,5666666666.666667,59956150.65382507,95.33333333333333
province_name,Ninh Thuận,9,1943333333.3333333,21726749.318617005,147.55555555555554
province_name,Phú Thọ,13,5726538461.538462,49782843.759320445,169.6823076923077
province_name,Phú Yên,5,6465600000.0,30251402.30705167,341.6
province_name,Quảng Bình,3,8390000000.0,30096718.48013817,311.6666666666667
province_name,Quảng Nam,44,6215113636.363636,25877128.80815733,254.8
province_name,Quảng Ngãi,11,2806363636.3636365,24309453.963993344,180.22727272727272
province_name,Quảng Ninh,57,8039954385.964912,54512614.8661602,153.90105263157895
province_name,Thanh Hóa,22,4440454545.454545,33942152.81029021,151.3409090909091
province_name,Thái Bình,2,2140000000.0,35786666.66666667,81.25
province_name,Thái Nguyên,16,2976500000.0,30512965.630447034,100.13125
province_name,Tiền Giang,9,3086666666.6666665,7953060.665356494,381.28
province_name,Tuyên Quang,1,6000000000.0,50000000.0,120.0
province_name,Tây Ninh,15,2268933333.3333335,11871066.18434506,246.77333333333334
province_name,Vĩnh Long,9,2141111111.1111112,13344211.84910956,363.32222222222225
province_name,Vĩnh Phúc,17,4085882352.9411764,32250257.260565184,130.7705882352941
province_name,Yên Bái,1,5200000000.0,52000000.0,100.0
province_name,Điện Biên,1,7500000000.0,75000000.0,100.0
province_name,Đà Nẵng,517,13614314119.92263,96392895.71122324,140.74528046421662
province_name,Đắk Lắk,15,2556333333.3333335,21694972.74945153,193.13066666666666
province_name,Đắk Nông,3,2639999999.6666665,4942244.011198681,851.7633333333333
province_name,Đồng Nai,124,4424967741.935484,30588602.898934856,178.3326612903226
province_name,Đồng Tháp,4,4575000000.0,10266392.718275009,389.25
district_name,An Giang - Long Xuyên,4,2157500000.0,28824400.875836164,80.325
district_name,Bà Rịa - Vũng Tàu - Bà Rịa,19,3032631578.9473686,20721920.60404285,213.13473684210527
district_name,Bà Rịa - Vũng Tàu - Châu Đức,5,1602400000.0,4527889.072794905,470.78000000000003
district_name,Bà Rịa - Vũng Tàu - Long Đất,9,3442222222.2222223,15568877.001790276,344.8333333333333
district_name,Bà Rịa - Vũng Tàu - Phú Mỹ,11,4126363636.3636365,23505987.71776369,210.8181818181818
district_name,Bà Rịa - Vũng Tàu - Vũng Tàu,41,12730487804.878048,91449360.58651842,128.20585365853657
district_name,Bà Rịa - Vũng Tàu - Xuyên Mộc,10,4664000000.0,10914433.42278038,453.18999999999994
district_name,Bình Dương - Bàu Bàng,14,1684785714.2857144,12874967.379290888,260.5357142857143
district_name,Bình Dương - Bắc Tân Uyên,1,1500000000.0,9036144.578313254,166.0
district_name,Bình Dương - Bến Cát,18,1723333333.3333333,14424170.197479686,159.27777777777777
district_name,Bình Dương - Dĩ An,142,4490047887.323944,48573148.48126115,89.56429577464789
district_name,Bình Dương - Dầu Tiếng,2,1050000000.0,1346241.1991823756,963.5
district_name,Bình Dương - Phú Giáo,5,1576000000.0,6886674.037384579,505.0
district_name,Bình Dương - Thuận An,91,4449191428.571428,39827406.550337344,118.27637362637363
district_name,Bình Dương - Thủ Dầu Một,63,5658555555.555555,36741357.73257686,189.0285714285714
district_name,Bình Dương - Tân Uyên,29,3791724137.9310346,27105794.268533673,188.10275862068968
district_name,Bình Phước - Bình Long,1,1100000000.0,1208791.2087912087,910.0
district_name,Bình Phước - Bù Đăng,2,1350000000.0,3200000.0,500.0
district_name,Bình Phước - Chơn Thành,7,1275000000.0,7422486.772486771,244.28571428571428
district_name,Bình Phước - Phước Long,1,1600000000.0,3333333.3333333335,480.0
district_name,Bình Phước - Đồng Phú,1,600000000.0,3571428.5714285714,168.0
district_name,Bình Phước - Đồng Xoài,4,2712500000.0,18884805.718475074,276.5
district_name,Bình Thuận - Bắc Bình,1,1450000000.0,14572864.32160804,99.5
district_name,Bình Thuận - Hàm Thuận Bắc,1,860000000.0,8600000.0,100.0
district_name,Bình Thuận - La Gi,1,880000000.0,8800000.0,100.0
district_name,Bình Thuận - Phan Thiết,12,7390833333.333333,50018081.689465456,160.12333333333333
district_name,Bình Thuận - Tuy Phong,1,630000000.0,6000000.0,105.0
district_name,Bình Định - Phù Cát,1,7425000000.0,33000000.0,225.0
district_name,Bình Định - Phù Mỹ,1,1290000000.0,15176470.588235294,85.0
district_name,Bình Định - Quy Nhơn,21,7988095238.095238,51161557.83043994,119.95952380952382
district_name,Bình Định - Tuy Phước,3,2166666666.6666665,15259259.25925926,146.66666666666666
district_name,Bình Định - Vân Canh,1,1000000000.0,5000000.0,200.0
district_name,Bắc Giang - Bắc Giang,6,7842833333.333333,87267094.01709402,80.91666666666667
district_name,Bắc Giang - Hiệp Hòa,3,2673333333.3333335,24356602.480807442,109.03333333333335
district_name,Bắc Giang - Lạng Giang,1,1900000000.0,22352941.17647059,85.0
district_name,Bắc Giang - Lục Nam,2,1225000000.0,10850340.136054423,113.75
district_name,Bắc Giang - Việt Yên,4,3084270750.0,32037696.002076842,91.7
district_name,Bắc Ninh - Bắc Ninh,3,6490000000.0,56767195.76719576,106.66666666666667
district_name,Bắc Ninh - Gia Bình,2,3300000000.0,34166666.666666664,95.0
district_name,Bắc Ninh - Lương Tài,1,1060000000.0,11777777.777777778,90.0
district_name,Bắc Ninh - Quế Võ,1,1350000000.0,11250000.0,120.0
district_name,Bắc Ninh - Thuận Thành,8,5578750000.0,55373542.10587126,86.5
district_name,Bắc Ninh - Tiên Du,4,6775000000.0,42275668.259252556,169.0
district_name,Bắc Ninh - Từ Sơn,27,10430157407.407408,70115572.07224824,149.35
district_name,Bắc Ninh - Yên Phong,2,1875000000.0,25714285.714285716,72.5
district_name,Bến Tre - Ba Tri,1,792000000.0,2626865.6716417912,301.5
district_name,Bến Tre - Bến Tre,8,1853750000.0,20743302.724171974,144.425
district_name,Bến Tre - Châu Thành,1,600000000.0,5000000.0,120.0
district_name,Bến Tre - Mỏ Cày Nam,2,14835000000.0,12250176.236963186,879.5
district_name,Cần Thơ - Bình Thủy,1,6449430000.0,39000000.0,165.37
district_name,Cần Thơ - Cái Răng,9,4735555555.555555,53146550.94795147,83.94444444444444
district_name,Cần Thơ - Ninh Kiều,6,11930000000.0,108676954.71890867,106.3
district_name,Cần Thơ - Ô Môn,1,4000000000.0,3194888.178913738,1252.0
district_name,Gia Lai - An Khê,1,1900000000.0,7916666.666666667,240.0
district_name,Gia Lai - Pleiku,1,1000000000.0,3418803.418803419,292.5
district_name,Huế - Hương Thủy,5,3965000000.0,27297580.24102831,157.22
district_name,Hà Nam - Kim Bảng,3,2400000000.0,27380952.380952377,84.33333333333333
district_name,Hà Nam - Lý Nhân,2,3600000000.0,21898155.88612179,625.5
district_name,Hà Nam - Phủ Lý,17,5971805882.3529415,73997966.08468924,75.32352941176471
district_name,Hà Nam - Thanh Liêm,1,1860000000.0,20666666.666666668,90.0
district_name,Hà Nội - Ba Vì,13,2877615384.6153846,10153628.34937074,329.7153846153846
district_name,Hà Nội - Ba Đình,110,19388545454.545456,299106878.9083708,64.96245454545455
district_name,Hà Nội - Bắc Từ Liêm,176,13684465909.09091,169457644.83163965,80.998125
district_name,Hà Nội - Chương Mỹ,22,3763763636.3636365,44001900.21280808,127.12727272727274
district_name,Hà Nội - Cầu Giấy,283,18642190812.720848,248485918.91806716,78.52473498233215
district_name,Hà Nội - Gia Lâm,109,9229403669.724771,102363263.17765187,83.24174311926606
district_name,Hà Nội - Hai Bà Trưng,142,14149084507.042253,239856605.39574778,60.53028169014084
district_name,Hà Nội - Hoài Đức,85,12171965882.352942,146575168.85842967,79.04823529411765
district_name,Hà Nội - Hoàn Kiếm,18,30444444444.444443,483210361.66242695,68.28888888888889
district_name,Hà Nội - Hoàng Mai,256,13463511718.746094,193236363.52916598,69.8996875
district_name,Hà Nội - Hà Đông,286,14638265734.265734,199526964.2294759,75.64573426573426
district_name,Hà Nội - Long Biên,253,15788901185.77075,211305042.83241424,79.61324110671937
district_name,Hà Nội - Mê Linh,15,7570266666.666667,58288780.468090795,142.86
district_name,Hà Nội - Mỹ Đức,8,1657500000.0,19668294.140746545,89.4
district_name,Hà Nội - Nam Từ Liêm,318,12880188679.245283,166963017.46665037,77.29525157232705
district_name,Hà Nội - Phú Xuyên,2,3823000000.0,49750000.0,70.55
district_name,Hà Nội - Phúc Thọ,5,1990000000.0,32650000.0,62.6
district_name,Hà Nội - Quốc Oai,24,3490166666.6666665,34672138.53219206,128.65833333333333
district_name,Hà Nội - Sóc Sơn,26,3815776923.076923,25284013.4187893,184.5153846153846
district_name,Hà Nội - Sơn Tây,33,5562129696.969697,31172650.08948964,201.15757575757576
district_name,Hà Nội - Thanh Oai,16,5623125000.0,81251516.3998614,89.76875
district_name,Hà Nội - Thanh Trì,75,8410400000.0,127941069.61979593,69.96826666666666
district_name,Hà Nội - Thanh Xuân,222,15138833963.963964,229993784.9921937,71.15364864864866
district_name,Hà Nội - Thường Tín,13,8548769230.769231,90915944.22126338,121.32692307692308
district_name,Hà Nội - Thạch Thất,22,5805945454.545455,38844656.335134,146.52272727272728
district_name,Hà Nội - Tây Hồ,145,23201896551.724136,245388008.71254298,93.80993103448276
district_name,Hà Nội - Đan Phượng,23,10606739130.434782,124685082.55942631,104.06521739130434
district_name,Hà Nội - Đông Anh,101,10301992079.20792,121182479.79820774,82.52247524752475
district_name,Hà Nội - Đống Đa,239,17094280334.728033,289263666.3399477,59.32481171548117
district_name,Hà Nội - Ứng Hòa,5,3597400000.0,48377210.80808179,70.3
district_name,Hà Tĩnh - Kỳ Anh,2,1700000000.0,8307692.307692308,204.0
district_name,Hà Tĩnh - Nghi Xuân,2,7440000000.0,15781886.149974091,401.5
district_name,Hòa Bình - Cao Phong,3,1800000000.0,2099045.465127881,931.3333333333334
district_name,Hòa Bình - Hòa Bình,1,70000000000.0,70000000.0,1000.0
district_name,Hòa Bình - Kim Bôi,1,1300000000.0,1721854.3046357615,755.0
district_name,Hòa Bình - Lương Sơn,8,5461875000.0,19152249.073282007,309.5
district_name,Hòa Bình - Lạc Thủy,8,1242210175.0,10426621.846697371,158.575
district_name,Hòa Bình - Tân Lạc,1,1190000000.0,13222222.222222222,90.0
district_name,Hòa Bình - Yên Thủy,2,1131600000.0,9006060.606060605,297.0
district_name,Hòa Bình - Đà Bắc,1,3000000000.0,3000000.0,1000.0
district_name,Hưng Yên - Khoái Châu,6,2380500000.0,27986578.89951283,85.91666666666667
district_name,Hưng Yên - Mỹ Hào,3,2833333333.3333335,32672811.059907835,87.60000000000001
district_name,Hưng Yên - Phù Cừ,2,2150000000.0,21500000.0,100.0
district_name,Hưng Yên - Văn Giang,142,10911211267.605635,110046936.92015968,94.24866197183098
district_name,Hưng Yên - Văn Lâm,8,4661250000.0,47685772.40948381,95.35
district_name,Hưng Yên - Yên Mỹ,7,4924285714.285714,45420764.79714693,97.0
district_name,Hưng Yên - Ân Thi,1,3150000000.0,42000000.0,75.0
district_name,Hải Dương - Cẩm Giàng,1,1700000000.0,9061833.688699361,187.6
district_name,Hải Dương - Gia Lộc,1,6830000000.0,65047619.047619045,105.0
district_name,Hải Dương - Hải Dương,3,4376666666.666667,47347066.78011214,92.76666666666667
district_name,Hải Dương - Nam Sách,1,7000000000.0,86419753.08641975,81.0
district_name,Hải Dương - Thanh Hà,1,3250000000.0,26000000.0,125.0
district_name,Hải Phòng - An Dương,18,4506944444.444445,45053525.344359346,105.07222222222222
district_name,Hải Phòng - An Lão,15,1439666666.6666667,13508027.72974224,92.76666666666667
district_name,Hải Phòng - Cát Hải,2,11630000000.0,88688073.39449541,184.5
district_name,Hải Phòng - Dương Kinh,16,4853125000.0,53034207.614803836,90.825
district_name,Hải Phòng - Hải An,25,7478660000.0,70117475.00631091,115.392
district_name,Hải Phòng - Hồng Bàng,13,11870492307.692308,99618184.30230887,107.34615384615384
district_name,Hải Phòng - Kiến An,11,2610136363.6363635,46163082.81434379,57.14909090909091
district_name,Hải Phòng - Kiến Thụy,8,2902500000.0,26072016.820911653,116.2375
district_name,Hải Phòng - Lê Chân,32,8732156250.0,100746514.74248147,84.38125
district_name,Hải Phòng - Ngô Quyền,19,10664157894.736841,121481519.98137298,78.67368421052632
district_name,Hải Phòng - Thủy Nguyên,33,7579696969.69697,72959044.55509278,99.15454545454546
district_name,Hải Phòng - Tiên Lãng,2,2440000000.0,23000000.0,110.0
district_name,Hải Phòng - Đồ Sơn,3,6166666666.666667,35061728.39506173,142.5
district_name,Hậu Giang - Vị Thanh,2,712500000.0,5258873.456790123,160.5
district_name,Hồ Chí Minh - 1,108,36625277777.77778,329311947.19857734,105.72537037037037
district_name,Hồ Chí Minh - 10,93,17736763440.860214,212161263.19313267,77.21290322580646
district_name,Hồ Chí Minh - 11,28,10520357142.857143,148033583.780361,69.57857142857144
district_name,Hồ Chí Minh - 12,157,8360184719.031847,75437564.32373445,118.27757961783438
district_name,Hồ Chí Minh - 3,73,24142452054.79452,261669267.9663312,91.02191780821919
district_name,Hồ Chí Minh - 4,29,6274482758.620689,103069010.77429299,70.40689655172413
district_name,Hồ Chí Minh - 5,29,21279655172.41379,202735289.97202224,105.59310344827585
district_name,Hồ Chí Minh - 6,45,9262133333.333334,117443133.26344901,78.25333333333333
district_name,Hồ Chí Minh - 7,292,12745171232.876713,111449227.93004338,107.43219178082192
district_name,Hồ Chí Minh - 8,83,6162024096.385542,95426843.5299732,69.62168674698796
district_name,Hồ Chí Minh - Bình Chánh,81,6099629629.62963,47632384.575687304,156.01728395061727
district_name,Hồ Chí Minh - Bình Thạnh,275,16793927272.727272,158569055.21961045,103.472
district_name,Hồ Chí Minh - Bình Tân,222,8850031531.531532,90808789.70026271,90.3735135135135
district_name,Hồ Chí Minh - Cần Giờ,9,12494444444.444445,75036537.93635996,162.33333333333334
district_name,Hồ Chí Minh - Củ Chi,42,3492857142.857143,12911053.282406429,364.3547619047619
district_name,Hồ Chí Minh - Gò Vấp,278,10824870503.597122,123847233.9959559,89.46298561151079
district_name,Hồ Chí Minh - Hóc Môn,40,7601500000.0,48356013.66133978,170.1825
district_name,Hồ Chí Minh - Nhà Bè,88,7631738636.363636,67251437.67600013,116.37613636363636
district_name,Hồ Chí Minh - Phú Nhuận,156,13956525641.02564,183384349.54357582,76.43596153846154
district_name,Hồ Chí Minh - Thủ Đức,562,14905951957.295374,110584792.87906903,125.52193950177936
district_name,Hồ Chí Minh - Tân Bình,231,14619593073.593073,145833452.8872656,93.31489177489178
district_name,Hồ Chí Minh - Tân Phú,216,10336337962.962963,114116980.27737595,87.15185185185184
district_name,Khánh Hòa - Cam Lâm,8,3373000000.0,12513924.961595727,314.6375
district_name,Khánh Hòa - Cam Ranh,8,6518750000.0,47540169.57926488,148.0
district_name,Khánh Hòa - Diên Khánh,19,2738921052.631579,17490603.148249198,161.9578947368421
district_name,Khánh Hòa - Nha Trang,212,7938213679.245283,69880436.39698344,108.26617924528303
district_name,Khánh Hòa - Ninh Hòa,5,3612000000.0,12957097.49350902,368.6
district_name,Khánh Hòa - Vạn Ninh,1,2000000000.0,20000000.0,100.0
district_name,Kiên Giang - Hà Tiên,1,12600000000.0,20816124.235916078,605.3
district_name,Kiên Giang - Phú Quốc,6,12608333333.333334,71222270.11583567,320.1333333333334
district_name,Kiên Giang - Rạch Giá,3,2430000000.0,19058124.671027895,131.66666666666666
district_name,Kon Tum - Kon Plông,1,3500000000.0,21212121.21212121,165.0
district_name,Lai Châu - Phong Thổ,1,1550000000.0,6512605.042016807,238.0
district_name,Long An - Bến Lức,37,5068081081.081081,36332897.509675644,112.06972972972973
district_name,Long An - Châu Thành,1,1200000000.0,8540925.266903915,140.5
district_name,Long An - Cần Giuộc,15,3528280000.0,25175097.598303873,254.94
district_name,Long An - Cần Đước,6,1590000000.0,12025733.03223098,138.66666666666666
district_name,Long An - Thủ Thừa,4,1545000000.0,12450000.0,125.0
district_name,Long An - Tân An,7,2154714285.714286,18140988.927346963,155.81428571428572
district_name,Long An - Tân Trụ,1,1500000000.0,5905511.811023622,254.0
district_name,Long An - Đức Hòa,40,1892825000.0,22089110.76782004,109.1
district_name,Lào Cai - Bát Xát,1,4000000000.0,40000000.0,100.0
district_name,Lào Cai - Lào Cai,1,999000000.0,8222222.222222222,121.5
district_name,Lào Cai - Sa Pa,2,20950000000.0,208340649.6927129,101.25
district_name,Lâm Đồng - Bảo Lâm,4,1443720000.0,5489814.814814815,310.775
district_name,Lâm Đồng - Bảo Lộc,6,4291666666.6666665,16025888.527115026,500.6666666666667
district_name,Lâm Đồng - Di Linh,2,775000000.0,3551031.6875460576,221.5
district_name,Lâm Đồng - Lâm Hà,7,3000000000.0,7350627.501928022,451.57142857142856
district_name,Lâm Đồng - Lạc Dương,1,5800000000.0,23673469.387755103,245.0
district_name,Lâm Đồng - Đà Lạt,29,17418620689.655174,59971705.428631775,334.91241379310344
district_name,Lâm Đồng - Đạ Huoai,1,1450000000.0,1074074.0740740742,1350.0
district_name,Lâm Đồng - Đức Trọng,15,2578666666.6666665,8435107.702165829,306.3333333333333
district_name,Nam Định - Giao Thủy,9,1674322222.2222223,18015543.135164075,96.27777777777777
district_name,Nam Định - Hải Hậu,2,1725000000.0,19591503.267973855,87.5
district_name,Nam Định - Nam Định,2,2025000000.0,47519188.59649123,44.5
district_name,Nghệ An - Nghi Lộc,1,1200000000.0,3000000.0,400.0
district_name,Nghệ An - Thái Hòa,1,1600000000.0,8421052.631578946,190.0
district_name,Nghệ An - Vinh,14,7633500000.0,59658350.05785113,112.30714285714285
district_name,Ninh Bình - Hoa Lư,1,5000000000.0,55555555.55555555,90.0
district_name,Ninh Bình - Tam Điệp,1,6000000000.0,54545454.54545455,110.0
district_name,Ninh Thuận - Ninh Hải,1,1350000000.0,9183673.469387755,147.0
district_name,Ninh Thuận - Ninh Sơn,1,2320000000.0,3993115.3184165233,581.0
district_name,Ninh Thuận - Phan Rang - Tháp Chàm,6,2103333333.3333333,28393992.513291463,83.33333333333333
district_name,Ninh Thuận - Thuận Nam,1,1200000000.0,12000000.0,100.0
district_name,Phú Thọ - Thanh Sơn,3,2830000000.0,15449963.779113298,368.6666666666667
district_name,Phú Thọ - Thanh Thủy,3,5250000000.0,48365923.384791315,104.33333333333333
district_name,Phú Thọ - Việt Trì,6,6367500000.0,69288217.89657533,81.145
district_name,Phú Thọ - Đoan Hùng,1,12000000000.0,40000000.0,300.0
district_name,Phú Yên - Sông Cầu,1,8000000000.0,27303754.266211603,293.0
district_name,Phú Yên - Tuy An,1,9600000000.0,12631578.94736842,760.0
district_name,Phú Yên - Tuy Hòa,2,5579000000.0,51500000.0,113.0
district_name,Phú Yên - Đông Hòa,1,3570000000.0,8321678.321678322,429.0
district_name,Quảng Bình - Quảng Ninh,1,3200000000.0,8290155.440414508,386.0
district_name,Quảng Bình - Đồng Hới,2,10985000000.0,41000000.0,274.5
district_name,Quảng Nam - Duy Xuyên,2,3823000000.0,7577906.976744186,507.5
district_name,Quảng Nam - Hội An,16,12637375000.0,45210787.608002104,357.4125
district_name,Quảng Nam - Thăng Bình,3,1616666666.6666667,8687931.951089846,200.0
district_name,Quảng Nam - Điện Bàn,20,2821800000.0,18054136.118841298,166.32999999999998
district_name,Quảng Nam - Đại Lộc,3,778333333.3333334,4306244.549101692,183.66666666666666
district_name,Quảng Ngãi - Lý Sơn,1,6800000000.0,30493273.542600896,223.0
district_name,Quảng Ngãi - Mộ Đức,2,2400000000.0,17075354.73205676,180.0
district_name,Quảng Ngãi - Quảng Ngãi,4,3157500000.0,39901458.75251509,85.25
district_name,Quảng Ngãi - Sơn Tịnh,1,2600000000.0,12871287.128712872,202.0
district_name,Quảng Ngãi - Tư Nghĩa,2,1725000000.0,14670198.222829802,115.25
district_name,Quảng Ngãi - Đức Phổ,1,590000000.0,942492.0127795527,626.0
district_name,Quảng Ninh - Cô Tô,1,5320000000.0,25976562.5,204.8
district_name,Quảng Ninh - Cẩm Phả,1,1890000000.0,21976744.18604651,86.0
district_name,Quảng Ninh - Hạ Long,35,8733068571.428572,69113204.95441061,124.64742857142856
district_name,Quảng Ninh - Móng Cái,3,7356666666.666667,57817311.789863884,123.0
district_name,Quảng Ninh - Quảng Yên,7,2823485714.285714,13451898.988133311,185.87142857142857
district_name,Quảng Ninh - Uông Bí,2,2000000000.0,20477272.727272727,94.0
district_name,Quảng Ninh - Vân Đồn,6,13897600000.0,47056265.102338076,290.3
district_name,Quảng Ninh - Đông Triều,2,8095000000.0,24698101.462807346,259.5
district_name,Thanh Hóa - Hoằng Hóa,4,6125000000.0,29361111.111111112,181.0
district_name,Thanh Hóa - Hà Trung,1,1650000000.0,9821428.57142857,168.0
district_name,Thanh Hóa - Quảng Xương,2,4350000000.0,37130681.81818181,135.0
district_name,Thanh Hóa - Sầm Sơn,4,3957500000.0,54554255.610290095,79.875
district_name,Thanh Hóa - Thanh Hóa,6,6825000000.0,44931716.74946484,216.5
district_name,Thanh Hóa - Thọ Xuân,2,1205000000.0,12490740.74074074,99.0
district_name,Thanh Hóa - Yên Định,1,600000000.0,5000000.0,120.0
district_name,Thái Bình - Thái Bình,1,2000000000.0,53333333.333333336,37.5
district_name,Thái Bình - Tiền Hải,1,2280000000.0,18240000.0,125.0
district_name,Thái Nguyên - Phổ Yên,7,3939142857.142857,33814409.48472412,128.72857142857143
district_name,Thái Nguyên - Sông Công,1,1800000000.0,20000000.0,90.0
district_name,Thái Nguyên - Thái Nguyên,8,2281250000.0,28938322.96176046,76.375
district_name,Tiền Giang - Châu Thành,1,1400000000.0,7000000.0,200.0
district_name,Tiền Giang - Gò Công,4,1512500000.0,8334223.48796591,196.725
district_name,Tiền Giang - Gò Công Đông,1,8000000000.0,5333333.333333333,1500.0
district_name,Tiền Giang - Mỹ Tho,3,4110000000.0,8635772.901003823,314.87333333333333
district_name,Tuyên Quang - Tuyên Quang,1,6000000000.0,50000000.0,120.0
district_name,Tây Ninh - Gò Dầu,1,700000000.0,6140350.8771929825,114.0
district_name,Tây Ninh - Trảng Bàng,11,2471272727.2727275,12331961.720050316,245.1818181818182
district_name,Tây Ninh - Tân Châu,1,1700000000.0,2672955.974842767,636.0
district_name,Tây Ninh - Tây Ninh,2,2225000000.0,16800553.49629333,127.3
district_name,Vĩnh Long - Long Hồ,1,2150000000.0,25294117.647058822,85.0
district_name,Vĩnh Long - Mang Thít,2,1040000000.0,1443573.1346588843,885.45
district_name,Vĩnh Long - Vĩnh Long,6,2506666666.6666665,15319440.454268241,235.66666666666666
district_name,Vĩnh Phúc - Bình Xuyên,2,4975000000.0,21380262.249827467,297.75
district_name,Vĩnh Phúc - Phúc Yên,4,6100000000.0,35427528.77204096,139.625
district_name,Vĩnh Phúc - Sông Lô,1,1300000000.0,12500000.0,104.0
district_name,Vĩnh Phúc - Tam Dương,2,1945000000.0,19388998.035363458,100.9
district_name,Vĩnh Phúc - Tam Đảo,1,1700000000.0,17000000.0,100.0
district_name,Vĩnh Phúc - Vĩnh Yên,7,4031428571.428571,42215105.39586605,94.75714285714285
district_name,Yên Bái - Yên Bái,1,5200000000.0,52000000.0,100.0
district_name,Điện Biên - Điện Biên Phủ,1,7500000000.0,75000000.0,100.0
district_name,Đà Nẵng - Cẩm Lệ,75,8673986666.666666,59334055.004345044,135.11866666666666
district_name,Đà Nẵng - Hòa Vang,19,2611447368.4210525,14028551.940305784,254.03157894736844
district_name,Đà Nẵng - Hải Châu,52,14183365384.615385,108975694.03739248,130.1346153846154
district_name,Đà Nẵng - Liên Chiểu,74,6483918918.918919,57304205.1389183,111.76891891891891
district_name,Đà Nẵng - Ngũ Hành Sơn,137,17071197080.291971,116085806.21911453,148.1605109489051
district_name,Đà Nẵng - Sơn Trà,130,19386499230.76923,128527342.11787106,149.6893846153846
district_name,Đà Nẵng - Thanh Khê,30,8736333333.333334,86632442.43148114,100.31
district_name,Đắk Lắk - Buôn Hồ,1,780000000.0,3900000.0,200.0
district_name,Đắk Lắk - Buôn Ma Thuột,12,3035000000.0,26062073.424737114,202.66333333333333
district_name,Đắk Lắk - Cư M'gar,1,580000000.0,3866666.6666666665,150.0
district_name,Đắk Lắk - Krông Pắc,1,565000000.0,4913043.478260869,115.0
district_name,Đắk Nông - Gia Nghĩa,2,3659999999.5,7113366.016798021,777.645
district_name,Đồng Nai - Biên Hòa,53,5659981132.075472,40347979.70099958,150.12075471698114
district_name,Đồng Nai - Long Khánh,7,2165714285.714286,11805978.327016791,288.34285714285716
district_name,Đồng Nai - Long Thành,16,3805625000.0,17035037.741938833,247.9
district_name,Đồng Nai - Nhơn Trạch,19,4858368421.052631,43851402.56485886,127.70789473684209
district_name,Đồng Nai - Thống Nhất,2,1900000000.0,19000000.0,100.0
district_name,Đồng Nai - Trảng Bom,10,5011000000.0,19449288.86306622,274.6
district_name,Đồng Nai - Vĩnh Cửu,15,1611866666.6666667,15263637.81990986,117.45333333333333
district_name,Đồng Nai - Định Quán,2,1135000000.0,2358639.2465885067,518.9
district_name,Đồng Tháp - Cao Lãnh,1,9900000000.0,18000000.0,550.0
district_name,Đồng Tháp - Lấp Vò,1,7000000000.0,8695652.173913043,805.0
district_name,Đồng Tháp - Sa Đéc,2,700000000.0,7184959.349593496,101.0
